fips_code,"County, state",Total,White-owned,Percent White Owned,Percent Minority Owned
01005,"BARBOUR, AL",1065.0,1065.0,100.0,0.0
01011,"BULLOCK, AL",1562.0,1531.0,98.01536491677336,1.9846350832266353
01013,"BUTLER, AL",2882.0,2882.0,100.0,0.0
01025,"CLARKE, AL",85.0,85.0,100.0,0.0
01043,"CULLMAN, AL",14427.0,14367.0,99.58411312123103,0.4158868787689727
01047,"DALLAS, AL",13876.0,13876.0,100.0,0.0
01049,"DE KALB, AL",15418.0,15418.0,100.0,0.0
01053,"ESCAMBIA, AL",2614.0,2364.0,90.43611323641927,9.563886763580726
01061,"GENEVA, AL",5793.0,5783.0,99.82737786984292,0.17262213015708028
01071,"JACKSON, AL",48740.0,48740.0,100.0,0.0
01079,"LAWRENCE, AL",73052.0,68468.0,93.7250177955429,6.274982204457103
01083,"LIMESTONE, AL",99847.0,83063.0,83.1902811301291,16.809718869870906
01085,"LOWNDES, AL",2737.0,2737.0,100.0,0.0
01089,"MADISON, AL",84120.0,83329.0,99.05967665240134,0.9403233475986639
01091,"MARENGO, AL",3878.0,3878.0,100.0,0.0
01099,"MONROE, AL",1905.0,1905.0,100.0,0.0
01101,"MONTGOMERY, AL",2086.0,2086.0,100.0,0.0
01105,"PERRY, AL",16941.0,16934.0,99.9586801251402,0.041319874859794936
01107,"PICKENS, AL",2679.0,2679.0,100.0,0.0
01109,"PIKE, AL",2140.0,2080.0,97.19626168224299,2.803738317757009
01119,"SUMTER, AL",1740.0,1740.0,100.0,0.0
01121,"TALLADEGA, AL",7134.0,7134.0,100.0,0.0
01125,"TUSCALOOSA, AL",4452.0,4452.0,100.0,0.0
01131,"WILCOX, AL",769.0,704.0,91.54746423927178,8.452535760728225
04001,"APACHE, AZ",1582.0,16.0,1.0113780025284451,98.98862199747155
04003,"COCHISE, AZ",23292.0,23292.0,100.0,0.0
04009,"GRAHAM, AZ",5156.0,5156.0,100.0,0.0
04012,"LAPAZ, AZ",6357.0,5801.0,91.25373603901211,8.74626396098789
04013,"MARICOPA, AZ",14949.0,14949.0,100.0,0.0
04015,"MOHAVE, AZ",2256.0,2256.0,100.0,0.0
04017,"NAVAJO, AZ",283.0,283.0,100.0,0.0
04021,"PINAL, AZ",25993.0,22666.0,87.20040010772131,12.799599892278692
05007,"BENTON, AR",3758.0,3758.0,100.0,0.0
05019,"CLARK, AR",8532.0,8532.0,100.0,0.0
05029,"CONWAY, AR",25861.0,25861.0,100.0,0.0
05035,"CRITTENDEN, AR",231908.0,221600.0,95.55513393242148,4.444866067578516
05041,"DESHA, AR",206977.0,200982.0,97.10354290573349,2.896457094266509
05045,"FAULKNER, AR",11946.0,11946.0,100.0,0.0
05047,"FRANKLIN, AR",3846.0,3846.0,100.0,0.0
05069,"JEFFERSON, AR",174797.0,169542.0,96.99365549751998,3.006344502480019
05077,"LEE, AR",187388.0,169169.0,90.27739236237112,9.722607637628883
05079,"LINCOLN, AR",105520.0,96639.0,91.58358605003791,8.416413949962092
05081,"LITTLE RIVER, AR",23605.0,23605.0,100.0,0.0
05083,"LOGAN, AR",4076.0,4076.0,100.0,0.0
05107,"PHILLIPS, AR",263390.0,255852.0,97.13808420972701,2.861915790272988
05115,"POPE, AR",11303.0,11303.0,100.0,0.0
05119,"PULASKI, AR",4589.0,4589.0,100.0,0.0
05123,"SAINT FRANCIS, AR",147095.0,144445.0,98.19844318297699,1.8015568170230125
05143,"WASHINGTON, AR",210.0,210.0,100.0,0.0
06023,"HUMBOLDT, CA",919.0,919.0,100.0,0.0
06031,"KINGS, CA",38905.0,38681.0,99.42423852975196,0.5757614702480396
06047,"MERCED, CA",83030.0,81698.0,98.39576056846923,1.6042394315307718
06065,"RIVERSIDE, CA",13369.0,13369.0,100.0,0.0
06067,"SACRAMENTO, CA",18706.0,17096.0,91.3931358922271,8.606864107772907
06071,"SAN BERNARDINO, CA",2335.0,2287.0,97.94432548179871,2.055674518201286
06077,"SAN JOAQUIN, CA",44024.0,44024.0,100.0,0.0
06079,"SAN LUIS OBISPO, CA",8630.0,8630.0,100.0,0.0
06097,"SONOMA, CA",1080.0,1080.0,100.0,0.0
06099,"STANISLAUS, CA",48452.0,48412.0,99.9174440683563,0.08255593164369657
06107,"TULARE, CA",96225.0,96105.0,99.87529228371005,0.12470771628994726
08029,"DELTA, CO",3811.0,3811.0,100.0,0.0
08035,"DOUGLAS, CO",1500.0,1500.0,100.0,0.0
08039,"ELBERT, CO",7484.0,7484.0,100.0,0.0
08041,"EL PASO, CO",772.0,772.0,100.0,0.0
08067,"LA PLATA, CO",2941.0,2941.0,100.0,0.0
08069,"LARIMER, CO",19397.0,19397.0,100.0,0.0
08071,"LAS ANIMAS, CO",6793.0,6793.0,100.0,0.0
08077,"MESA, CO",9521.0,9521.0,100.0,0.0
08083,"MONTEZUMA, CO",741.0,741.0,100.0,0.0
08123,"WELD, CO",282234.0,278177.0,98.56254030343615,1.4374596965638489
10005,"SUSSEX, DE",201007.0,198738.0,98.87118359062123,1.1288164093787714
12001,"ALACHUA, FL",1813.0,1740.0,95.97352454495311,4.026475455046892
12023,"COLUMBIA, FL",1715.0,1709.0,99.65014577259475,0.3498542274052454
12033,"ESCAMBIA, FL",409.0,409.0,100.0,0.0
12059,"HOLMES, FL",3532.0,3532.0,100.0,0.0
12063,"JACKSON, FL",4269.0,4074.0,95.43218552354182,4.567814476458182
12065,"JEFFERSON, FL",1312.0,1312.0,100.0,0.0
12073,"LEON, FL",2042.0,2042.0,100.0,0.0
12091,"OKALOOSA, FL",403.0,403.0,100.0,0.0
12113,"SANTA ROSA, FL",2964.0,2964.0,100.0,0.0
12133,"WASHINGTON, FL",1288.0,1288.0,100.0,0.0
13007,"BAKER, GA",6182.0,5936.0,96.0207052733743,3.979294726625696
13027,"BROOKS, GA",6642.0,6428.0,96.77807889190004,3.221921108099963
13031,"BULLOCH, GA",9086.0,8992.0,98.96544133832269,1.034558661677309
13033,"BURKE, GA",7509.0,7509.0,100.0,0.0
13087,"DECATUR, GA",11396.0,10922.0,95.84064584064585,4.159354159354152
13095,"DOUGHERTY, GA",890.0,890.0,100.0,0.0
13099,"EARLY, GA",8388.0,8188.0,97.61564139246542,2.3843586075345797
13175,"LAURENS, GA",4847.0,4369.0,90.13822983288632,9.861770167113676
13177,"LEE, GA",9318.0,6790.0,72.86971453101523,27.130285468984766
13193,"MACON, GA",14231.0,14147.0,99.40973930152484,0.5902606984751628
13205,"MITCHELL, GA",6638.0,6638.0,100.0,0.0
13211,"MORGAN, GA",2272.0,2272.0,100.0,0.0
13225,"PEACH, GA",1412.0,1114.0,78.89518413597733,21.10481586402267
13229,"PIERCE, GA",4582.0,4441.0,96.92274116106503,3.0772588389349664
13261,"SUMTER, GA",8245.0,8145.0,98.78714372346877,1.2128562765312267
15003,"HONOLULU, HI",3381.0,3281.0,97.04229517894115,2.9577048210588543
16017,"BONNER, ID",713.0,713.0,100.0,0.0
16027,"CANYON, ID",72952.0,71593.0,98.13713126439303,1.8628687356069662
20021,"CHEROKEE, KS",236676.0,234994.0,99.28932380131488,0.7106761986851211
20085,"JACKSON, KS",3637.0,3637.0,100.0,0.0
20099,"LABETTE, KS",191505.0,178887.0,93.41113809038929,6.5888619096107135
20121,"MIAMI, KS",70485.0,70237.0,99.64815208909698,0.35184791090301815
20125,"MONTGOMERY, KS",174047.0,174047.0,100.0,0.0
21009,"BARREN, KY",33224.0,33224.0,100.0,0.0
21227,"WARREN, KY",98915.0,95915.0,96.96709295860082,3.0329070413991843
22001,"ACADIA, LA",32993.0,32993.0,100.0,0.0
22009,"AVOYELLES, LA",108579.0,108198.0,99.64910341778797,0.35089658221203024
22015,"BOSSIER, LA",11403.0,11403.0,100.0,0.0
22017,"CADDO, LA",36674.0,36674.0,100.0,0.0
22019,"CALCASIEU, LA",1968.0,1968.0,100.0,0.0
22039,"EVANGELINE, LA",26525.0,26525.0,100.0,0.0
22041,"FRANKLIN, LA",51807.0,49801.0,96.12793637925377,3.872063620746232
22055,"LAFAYETTE, LA",4370.0,4370.0,100.0,0.0
22067,"MOREHOUSE, LA",137965.0,128850.0,93.39325191171673,6.606748088283268
22069,"NATCHITOCHES, LA",20827.0,20827.0,100.0,0.0
22073,"OUACHITA, LA",16142.0,12112.0,75.03407260562508,24.965927394374916
22077,"POINTE COUPEE, LA",69518.0,68668.0,98.77729508904169,1.2227049109583135
22079,"RAPIDES, LA",62174.0,62174.0,100.0,0.0
22083,"RICHLAND, LA",75588.0,65988.0,87.29957136053342,12.70042863946658
22097,"SAINT LANDRY, LA",105672.0,103225.0,97.68434400787342,2.3156559921265796
22099,"SAINT MARTIN, LA",9238.0,9238.0,100.0,0.0
22105,"TANGIPAHOA, LA",1207.0,1207.0,100.0,0.0
22107,"TENSAS, LA",46386.0,45936.0,99.02987970508343,0.970120294916569
22113,"VERMILION, LA",7524.0,7524.0,100.0,0.0
22117,"WASHINGTON, LA",5784.0,5784.0,100.0,0.0
23001,"ANDROSCOGGIN, ME",2910.0,2910.0,100.0,0.0
24031,"MONTGOMERY, MD",34294.0,34294.0,100.0,0.0
24033,"PRINCE GEORGES, MD",10635.0,10583.0,99.51104842501175,0.48895157498824915
24045,"WICOMICO, MD",53083.0,53041.0,99.92087862404159,0.07912137595840818
24047,"WORCESTER, MD",38325.0,38208.0,99.69471624266146,0.3052837573385432
25027,"WORCESTER, MA",2492.0,2492.0,100.0,0.0
26159,"VAN BUREN, MI",68370.0,68370.0,100.0,0.0
27005,"BECKER, MN",121663.0,121357.0,99.74848557079802,0.25151442920197553
27037,"DAKOTA, MN",168900.0,168554.0,99.7951450562463,0.20485494375370195
27053,"HENNEPIN, MN",26682.0,26682.0,100.0,0.0
27163,"WASHINGTON, MN",41233.0,41233.0,100.0,0.0
28001,"ADAMS, MS",8943.0,8943.0,100.0,0.0
28005,"AMITE, MS",535.0,535.0,100.0,0.0
28007,"ATTALA, MS",3126.0,3126.0,100.0,0.0
28009,"BENTON, MS",1666.0,1666.0,100.0,0.0
28011,"BOLIVAR, MS",315358.0,286497.0,90.84817889509699,9.151821104903007
28015,"CARROLL, MS",12719.0,12719.0,100.0,0.0
28017,"CHICKASAW, MS",45539.0,44995.0,98.80541953051231,1.1945804694876898
28021,"CLAIBORNE, MS",5683.0,5443.0,95.77687840929087,4.223121590709127
28023,"CLARKE, MS",46.0,46.0,100.0,0.0
28025,"CLAY, MS",5405.0,5405.0,100.0,0.0
28029,"COPIAH, MS",714.0,714.0,100.0,0.0
28031,"COVINGTON, MS",1240.0,1240.0,100.0,0.0
28033,"DE SOTO, MS",43518.0,43518.0,100.0,0.0
28049,"HINDS, MS",7083.0,7080.0,99.95764506565014,0.04235493434985926
28051,"HOLMES, MS",41499.0,37876.0,91.26966914865419,8.730330851345812
28053,"HUMPHREYS, MS",91011.0,86688.0,95.25002472228633,4.7499752777136734
28059,"JACKSON, MS",224.0,224.0,100.0,0.0
28061,"JASPER, MS",90.0,90.0,100.0,0.0
28065,"JEFFERSON DAVIS, MS",2365.0,2362.0,99.87315010570825,0.12684989429175175
28067,"JONES, MS",2425.0,2425.0,100.0,0.0
28071,"LAFAYETTE, MS",1283.0,1283.0,100.0,0.0
28079,"LEAKE, MS",903.0,903.0,100.0,0.0
28087,"LOWNDES, MS",26978.0,23186.0,85.94410260212024,14.055897397879761
28089,"MADISON, MS",19997.0,19519.0,97.60964144621693,2.3903585537830736
28091,"MARION, MS",833.0,833.0,100.0,0.0
28093,"MARSHALL, MS",27448.0,26867.0,97.88327018361993,2.1167298163800723
28095,"MONROE, MS",44740.0,44320.0,99.06124273580689,0.9387572641931143
28097,"MONTGOMERY, MS",2116.0,2116.0,100.0,0.0
28101,"NEWTON, MS",6988.0,6988.0,100.0,0.0
28103,"NOXUBEE, MS",27946.0,27946.0,100.0,0.0
28105,"OKTIBBEHA, MS",2630.0,2630.0,100.0,0.0
28107,"PANOLA, MS",38071.0,33644.0,88.37172651099262,11.628273489007384
28119,"QUITMAN, MS",87229.0,76890.0,88.1472904653269,11.852709534673096
28121,"RANKIN, MS",10241.0,10241.0,100.0,0.0
28123,"SCOTT, MS",5448.0,5448.0,100.0,0.0
28127,"SIMPSON, MS",5760.0,5760.0,100.0,0.0
28133,"SUNFLOWER, MS",270516.0,254550.0,94.09794614736282,5.902053852637181
28135,"TALLAHATCHIE, MS",145992.0,143625.0,98.37867828374158,1.6213217162584215
28137,"TATE, MS",27587.0,27512.0,99.72813281618154,0.27186718381845765
28139,"TIPPAH, MS",2026.0,2026.0,100.0,0.0
28147,"WALTHALL, MS",4238.0,4184.0,98.72581406323737,1.2741859367626347
28151,"WASHINGTON, MS",302594.0,267795.0,88.49977197168482,11.500228028315178
28153,"WAYNE, MS",1082.0,1082.0,100.0,0.0
28157,"WILKINSON, MS",3340.0,3340.0,100.0,0.0
28161,"YALOBUSHA, MS",6174.0,6006.0,97.27891156462584,2.7210884353741562
28163,"YAZOO, MS",98047.0,97199.0,99.13510867237142,0.8648913276285839
29009,"BARRY, MO",13003.0,12817.0,98.56956087056832,1.4304391294316758
29011,"BARTON, MO",184387.0,184387.0,100.0,0.0
29037,"CASS, MO",3179.0,3179.0,100.0,0.0
29067,"DOUGLAS, MO",195.0,195.0,100.0,0.0
29077,"GREENE, MO",3318.0,3316.0,99.93972272453286,0.060277275467143454
29097,"JASPER, MO",108430.0,108375.0,99.94927603061883,0.05072396938116697
29109,"LAWRENCE, MO",17942.0,17942.0,100.0,0.0
29119,"MCDONALD, MO",3141.0,3141.0,100.0,0.0
29145,"NEWTON, MO",10781.0,10781.0,100.0,0.0
29215,"TEXAS, MO",266.0,266.0,100.0,0.0
30003,"BIG HORN, MT",57213.0,56953.0,99.54555782776642,0.4544421722335841
30005,"BLAINE, MT",204033.0,202243.0,99.12269093725034,0.87730906274966
30029,"FLATHEAD, MT",25568.0,25568.0,100.0,0.0
30035,"GLACIER, MT",199401.0,176216.0,88.37267616511451,11.627323834885487
30041,"HILL, MT",518585.0,514386.0,99.19029667267661,0.8097033273233905
30047,"LAKE, MT",8934.0,7142.0,79.94179538840385,20.058204611596153
30071,"PHILLIPS, MT",122850.0,122271.0,99.52869352869352,0.47130647130647674
30073,"PONDERA, MT",215269.0,212209.0,98.57852268557015,1.4214773144298505
30081,"RAVALLI, MT",2748.0,2748.0,100.0,0.0
30085,"ROOSEVELT, MT",288231.0,264197.0,91.66154924348872,8.338450756511278
30087,"ROSEBUD, MT",6171.0,6171.0,100.0,0.0
30111,"YELLOWSTONE, MT",104803.0,104803.0,100.0,0.0
33011,"HILLSBOROUGH, NH",296.0,296.0,100.0,0.0
35013,"DONA ANA, NM",3684.0,3684.0,100.0,0.0
35049,"SANTA FE, NM",7285.0,7285.0,100.0,0.0
35053,"SOCORRO, NM",4055.0,4055.0,100.0,0.0
37001,"ALAMANCE, NC",4280.0,4240.0,99.06542056074767,0.9345794392523317
37015,"BERTIE, NC",57492.0,53435.0,92.9433660335351,7.056633966464901
37017,"BLADEN, NC",18396.0,18002.0,97.85823005001087,2.1417699499891256
37033,"CASWELL, NC",7469.0,6911.0,92.52912036417192,7.470879635828084
37047,"COLUMBUS, NC",89910.0,81948.0,91.14447781114447,8.85552218885553
37061,"DUPLIN, NC",111181.0,106444.0,95.73937993002401,4.260620069975985
37069,"FRANKLIN, NC",21951.0,20131.0,91.70880597694865,8.291194023051347
37083,"HALIFAX, NC",52602.0,46588.0,88.56697463974754,11.433025360252458
37117,"MARTIN, NC",32911.0,27356.0,83.1211449059585,16.878855094041498
37127,"NASH, NC",34328.0,33446.0,97.43066884176183,2.569331158238171
37131,"NORTHAMPTON, NC",56409.0,49333.0,87.45590242691769,12.544097573082311
37135,"ORANGE, NC",10896.0,10896.0,100.0,0.0
37155,"ROBESON, NC",152518.0,102200.0,67.00848424448262,32.99151575551738
37163,"SAMPSON, NC",103647.0,100508.0,96.97145117562496,3.0285488243750365
37183,"WAKE, NC",17642.0,17112.0,96.99580546423307,3.0041945357669277
37185,"WARREN, NC",11844.0,11536.0,97.39952718676122,2.600472813238781
38079,"ROLETTE, ND",175523.0,174863.0,99.62398090278766,0.3760190972123354
40001,"ADAIR, OK",195.0,195.0,100.0,0.0
40007,"BEAVER, OK",88896.0,88770.0,99.85826133909286,0.14173866090713716
40013,"BRYAN, OK",2904.0,2901.0,99.89669421487604,0.10330578512396471
40015,"CADDO, OK",84547.0,81684.0,96.61371781376039,3.3862821862396117
40017,"CANADIAN, OK",112566.0,111570.0,99.11518575768882,0.8848142423111796
40019,"CARTER, OK",1005.0,1005.0,100.0,0.0
40023,"CHOCTAW, OK",1285.0,1285.0,100.0,0.0
40027,"CLEVELAND, OK",885.0,885.0,100.0,0.0
40029,"COAL, OK",643.0,643.0,100.0,0.0
40031,"COMANCHE, OK",876.0,876.0,100.0,0.0
40033,"COTTON, OK",3240.0,3240.0,100.0,0.0
40035,"CRAIG, OK",20762.0,13972.0,67.29602157788267,32.70397842211733
40037,"CREEK, OK",2281.0,2281.0,100.0,0.0
40039,"CUSTER, OK",122235.0,122235.0,100.0,0.0
40041,"DELAWARE, OK",3020.0,3020.0,100.0,0.0
40047,"GARFIELD, OK",287235.0,287135.0,99.96518530123419,0.034814698765814
40049,"GARVIN, OK",17254.0,16258.0,94.22742552451605,5.77257447548395
40051,"GRADY, OK",48344.0,47144.0,97.51778917756081,2.4822108224391854
40055,"GREER, OK",46593.0,46593.0,100.0,0.0
40057,"HARMON, OK",593.0,593.0,100.0,0.0
40065,"JACKSON, OK",112841.0,112841.0,100.0,0.0
40069,"JOHNSTON, OK",1400.0,1400.0,100.0,0.0
40071,"KAY, OK",260863.0,259108.0,99.32723306869889,0.672766931301112
40073,"KINGFISHER, OK",7645.0,7645.0,100.0,0.0
40075,"KIOWA, OK",160521.0,160446.0,99.95327714130862,0.04672285869138193
40079,"LEFLORE, OK",22648.0,21474.0,94.81631932179442,5.183680678205576
40081,"LINCOLN, OK",5001.0,4299.0,85.9628074385123,14.0371925614877
40083,"LOGAN, OK",45424.0,45424.0,100.0,0.0
40087,"MCCLAIN, OK",1050.0,1050.0,100.0,0.0
40089,"MCCURTAIN, OK",4741.0,4741.0,100.0,0.0
40095,"MARSHALL, OK",1306.0,1306.0,100.0,0.0
40097,"MAYES, OK",18177.0,18067.0,99.39483963250262,0.6051603674973762
40101,"MUSKOGEE, OK",24367.0,21115.0,86.65408133951657,13.345918660483434
40103,"NOBLE, OK",89637.0,89073.0,99.37079554201948,0.6292044579805207
40105,"NOWATA, OK",16892.0,16022.0,94.84963296234903,5.150367037650966
40107,"OKFUSKEE, OK",10906.0,10836.0,99.3581514762516,0.6418485237483935
40109,"OKLAHOMA, OK",2423.0,2423.0,100.0,0.0
40111,"OKMULGEE, OK",4300.0,3988.0,92.74418604651163,7.255813953488371
40113,"OSAGE, OK",30474.0,28608.0,93.87674739121874,6.123252608781257
40115,"OTTAWA, OK",46948.0,38386.0,81.76280139729062,18.237198602709384
40117,"PAWNEE, OK",20588.0,19988.0,97.08568097921119,2.9143190207888097
40119,"PAYNE, OK",9520.0,9520.0,100.0,0.0
40121,"PITTSBURG, OK",618.0,618.0,100.0,0.0
40123,"PONTOTOC, OK",539.0,539.0,100.0,0.0
40135,"SEQUOYAH, OK",31603.0,16690.0,52.81144195171345,47.18855804828655
40137,"STEPHENS, OK",6756.0,6756.0,100.0,0.0
40139,"TEXAS, OK",314170.0,309416.0,98.48680650603177,1.513193493968231
40143,"TULSA, OK",4477.0,4477.0,100.0,0.0
40145,"WAGONER, OK",54329.0,53929.0,99.26374496125457,0.7362550387454263
40147,"WASHINGTON, OK",3123.0,2773.0,88.79282740954211,11.207172590457887
40149,"WASHITA, OK",174854.0,174534.0,99.81699017466,0.18300982533999388
41017,"DESCHUTES, OR",1092.0,1092.0,100.0,0.0
41035,"KLAMATH, OR",17203.0,17203.0,100.0,0.0
41039,"LANE, OR",2055.0,2055.0,100.0,0.0
41043,"LINN, OR",4227.0,4227.0,100.0,0.0
41045,"MALHEUR, OR",43734.0,41016.0,93.78515571408973,6.214844285910274
41059,"UMATILLA, OR",286223.0,282673.0,98.75970833930188,1.2402916606981194
45003,"AIKEN, SC",9444.0,8826.0,93.4561626429479,6.543837357052098
45013,"BEAUFORT, SC",1303.0,1303.0,100.0,0.0
45015,"BERKELEY, SC",5471.0,4517.0,82.5626028148419,17.437397185158105
45023,"CHESTER, SC",1066.0,1054.0,98.87429643527204,1.1257035647279565
45025,"CHESTERFIELD, SC",16690.0,16430.0,98.44218094667465,1.5578190533253462
45027,"CLARENDON, SC",69565.0,67844.0,97.52605476892116,2.4739452310788437
45029,"COLLETON, SC",9015.0,8815.0,97.78147531891292,2.218524681087075
45031,"DARLINGTON, SC",33734.0,32010.0,94.88942906266674,5.110570937333264
45035,"DORCHESTER, SC",11938.0,11851.0,99.27123471268219,0.7287652873178132
45041,"FLORENCE, SC",72953.0,68497.0,93.89195783586692,6.1080421641330815
45045,"GREENVILLE, SC",471.0,471.0,100.0,0.0
45049,"HAMPTON, SC",9570.0,6727.0,70.29258098223615,29.707419017763854
45051,"HORRY, SC",56655.0,52409.0,92.50551584149677,7.4944841585032265
45059,"LAURENS, SC",1079.0,1079.0,100.0,0.0
45061,"LEE, SC",56138.0,55602.0,99.04521001816951,0.954789981830487
45075,"ORANGEBURG, SC",59387.0,51825.0,87.26657349251519,12.733426507484808
45079,"RICHLAND, SC",11116.0,10881.0,97.88593019071608,2.1140698092839187
45081,"SALUDA, SC",2023.0,2023.0,100.0,0.0
45083,"SPARTANBURG, SC",4829.0,4829.0,100.0,0.0
45085,"SUMTER, SC",62412.0,57450.0,92.0496058450298,7.950394154970198
45089,"WILLIAMSBURG, SC",56256.0,45826.0,81.45975540386803,18.54024459613197
45091,"YORK, SC",2393.0,2393.0,100.0,0.0
46007,"BENNETT, SD",77470.0,76870.0,99.2255066477346,0.7744933522653952
46031,"CORSON, SD",95761.0,94621.0,98.80953624126732,1.190463758732676
46041,"DEWEY, SD",34385.0,32755.0,95.25956085502399,4.740439144976008
46071,"JACKSON, SD",34788.0,30192.0,86.78854777509486,13.211452224905145
46095,"MELLETTE, SD",16752.0,16752.0,100.0,0.0
46102,"OGLALA LAKOTA, SD",29072.0,23441.0,80.63084755090809,19.369152449091914
46103,"PENNINGTON, SD",49951.0,49591.0,99.27929370783369,0.7207062921663123
46121,"TODD, SD",5530.0,5210.0,94.2133815551537,5.786618444846297
46137,"ZIEBACH, SD",80645.0,61389.0,76.12251224502448,23.87748775497552
47017,"CARROLL, TN",67386.0,66090.0,98.07675184756478,1.923248152435221
47047,"FAYETTE, TN",98565.0,86996.0,88.26256784862781,11.73743215137219
47055,"GILES, TN",22429.0,22429.0,100.0,0.0
47069,"HARDEMAN, TN",5585.0,5585.0,100.0,0.0
47075,"HAYWOOD, TN",100122.0,90537.0,90.42667945106969,9.573320548930312
47103,"LINCOLN, TN",37992.0,37992.0,100.0,0.0
47113,"MADISON, TN",70046.0,69658.0,99.4460782914085,0.5539217085915027
47119,"MAURY, TN",21353.0,21353.0,100.0,0.0
47149,"RUTHERFORD, TN",18764.0,18764.0,100.0,0.0
47157,"SHELBY, TN",28965.0,26739.0,92.31486276540653,7.685137234593469
47167,"TIPTON, TN",86549.0,82485.0,95.30439404268103,4.695605957318975
48001,"ANDERSON, TX",2416.0,2402.0,99.4205298013245,0.5794701986754944
48013,"ATASCOSA, TX",1605.0,1605.0,100.0,0.0
48027,"BELL, TX",21899.0,21247.0,97.0226951002329,2.9773048997671054
48029,"BEXAR, TX",8829.0,7529.0,85.27579567334918,14.72420432665082
48037,"BOWIE, TX",11542.0,11542.0,100.0,0.0
48039,"BRAZORIA, TX",27718.0,27718.0,100.0,0.0
48041,"BRAZOS, TX",3216.0,3216.0,100.0,0.0
48049,"BROWN, TX",1876.0,1876.0,100.0,0.0
48051,"BURLESON, TX",12468.0,12468.0,100.0,0.0
48055,"CALDWELL, TX",23917.0,23917.0,100.0,0.0
48067,"CASS, TX",300.0,300.0,100.0,0.0
48071,"CHAMBERS, TX",900.0,900.0,100.0,0.0
48083,"COLEMAN, TX",16105.0,16105.0,100.0,0.0
48085,"COLLIN, TX",28571.0,28211.0,98.7399810997165,1.260018900283498
48093,"COMANCHE, TX",7785.0,7785.0,100.0,0.0
48097,"COOKE, TX",7872.0,7872.0,100.0,0.0
48099,"CORYELL, TX",16412.0,16412.0,100.0,0.0
48113,"DALLAS, TX",3296.0,3296.0,100.0,0.0
48121,"DENTON, TX",43900.0,43900.0,100.0,0.0
48139,"ELLIS, TX",29889.0,29609.0,99.0632005085483,0.9367994914516942
48143,"ERATH, TX",7430.0,7430.0,100.0,0.0
48145,"FALLS, TX",84704.0,84704.0,100.0,0.0
48147,"FANNIN, TX",24974.0,24974.0,100.0,0.0
48149,"FAYETTE, TX",12206.0,12206.0,100.0,0.0
48157,"FORT BEND, TX",33705.0,33705.0,100.0,0.0
48171,"GILLESPIE, TX",7284.0,7284.0,100.0,0.0
48175,"GOLIAD, TX",10398.0,10398.0,100.0,0.0
48177,"GONZALES, TX",4039.0,4039.0,100.0,0.0
48181,"GRAYSON, TX",95799.0,95799.0,100.0,0.0
48185,"GRIMES, TX",900.0,900.0,100.0,0.0
48187,"GUADALUPE, TX",3326.0,2931.0,88.12387251954299,11.876127480457015
48193,"HAMILTON, TX",4281.0,4281.0,100.0,0.0
48201,"HARRIS, TX",5928.0,5928.0,100.0,0.0
48209,"HAYS, TX",7893.0,7893.0,100.0,0.0
48215,"HIDALGO, TX",125528.0,125528.0,100.0,0.0
48217,"HILL, TX",16189.0,16189.0,100.0,0.0
48231,"HUNT, TX",42140.0,42140.0,100.0,0.0
48251,"JOHNSON, TX",41725.0,41725.0,100.0,0.0
48277,"LAMAR, TX",42852.0,42852.0,100.0,0.0
48281,"LAMPASAS, TX",2242.0,2242.0,100.0,0.0
48285,"LAVACA, TX",3147.0,3147.0,100.0,0.0
48287,"LEE, TX",355.0,355.0,100.0,0.0
48293,"LIMESTONE, TX",7114.0,7114.0,100.0,0.0
48309,"MCLENNAN, TX",49968.0,49923.0,99.90994236311239,0.09005763688760737
48313,"MADISON, TX",2749.0,2749.0,100.0,0.0
48321,"MATAGORDA, TX",47425.0,47425.0,100.0,0.0
48331,"MILAM, TX",63818.0,63818.0,100.0,0.0
48337,"MONTAGUE, TX",5640.0,5640.0,100.0,0.0
48349,"NAVARRO, TX",38502.0,38502.0,100.0,0.0
48351,"NEWTON, TX",29.0,19.0,65.51724137931035,34.48275862068965
48373,"POLK, TX",106.0,106.0,100.0,0.0
48387,"RED RIVER, TX",12000.0,12000.0,100.0,0.0
48395,"ROBERTSON, TX",27531.0,27531.0,100.0,0.0
48411,"SAN SABA, TX",15054.0,15054.0,100.0,0.0
48449,"TITUS, TX",408.0,408.0,100.0,0.0
48453,"TRAVIS, TX",20539.0,20344.0,99.05058668873849,0.9494133112615089
48469,"VICTORIA, TX",10537.0,10537.0,100.0,0.0
48473,"WALLER, TX",7518.0,7518.0,100.0,0.0
48481,"WHARTON, TX",87882.0,87882.0,100.0,0.0
48491,"WILLIAMSON, TX",131107.0,131033.0,99.94355755222834,0.05644244777165852
48493,"WILSON, TX",16307.0,16307.0,100.0,0.0
48497,"WISE, TX",5221.0,5221.0,100.0,0.0
49013,"DUCHESNE, UT",5421.0,5421.0,100.0,0.0
49037,"SAN JUAN, UT",34692.0,34692.0,100.0,0.0
49047,"UINTAH, UT",4221.0,4221.0,100.0,0.0
51025,"BRUNSWICK, VA",11042.0,10656.0,96.50425647527622,3.4957435247237783
51031,"CAMPBELL, VA",8021.0,8021.0,100.0,0.0
51037,"CHARLOTTE, VA",13277.0,13277.0,100.0,0.0
51047,"CULPEPER, VA",22838.0,22838.0,100.0,0.0
51053,"DINWIDDIE, VA",26928.0,26632.0,98.90077243018419,1.0992275698158096
51061,"FAUQUIER, VA",18947.0,18722.0,98.81247690927324,1.1875230907267564
51067,"FRANKLIN, VA",15908.0,15008.0,94.34246919788785,5.657530802112149
51083,"HALIFAX, VA",14040.0,13540.0,96.43874643874643,3.561253561253565
51107,"LOUDOUN, VA",15833.0,15833.0,100.0,0.0
51113,"MADISON, VA",9291.0,9231.0,99.35421375524702,0.6457862447529834
51143,"PITTSYLVANIA, VA",15853.0,15853.0,100.0,0.0
51177,"SPOTSYLVANIA, VA",1446.0,1446.0,100.0,0.0
51181,"SURRY, VA",17964.0,14819.0,82.49276330438656,17.507236695613443
53025,"GRANT, WA",153815.0,152743.0,99.30305886942105,0.6969411305789492
53033,"KING, WA",1549.0,1549.0,100.0,0.0
53037,"KITTITAS, WA",1086.0,1086.0,100.0,0.0
53041,"LEWIS, WA",683.0,683.0,100.0,0.0
53065,"STEVENS, WA",5216.0,5216.0,100.0,0.0
53073,"WHATCOM, WA",12532.0,12532.0,100.0,0.0
53077,"YAKIMA, WA",19626.0,19626.0,100.0,0.0
55025,"DANE, WI",43521.0,43521.0,100.0,0.0
55073,"MARATHON, WI",128666.0,128664.0,99.99844558780097,0.0015544121990274107
